Time,Altitude,Temp,Volt
0,1,67.6F,9.3
0.05,1,67.6F,9.3
0.1,1,67.6F,9.3
0.15,1,67.6F,9.3
0.2,1,67.6F,9.3
0.25,3,67.6F,9.3
0.3,3,67.6F,9.3
0.35,4,67.6F,9.3
0.4,6,67.6F,9.3
0.45,7,67.6F,9.3
0.5,11,67.6F,9.3
0.55,14,67.6F,9.3
0.6,19,67.6F,9.3
0.65,23,67.6F,9.3
0.7,29,67.6F,9.3
0.75,37,67.5F,9.3
0.8,49,67.6F,9.3
0.85,58,67.6F,9.3
0.9,72,67.6F,9.3
0.95,87,67.6F,9.3
1,96,67.6F,9.3
1.05,107,67.5F,9.3
1.1,111,67.6F,9.3
1.15,118,67.6F,9.3
1.2,122,67.6F,9.3
1.25,128,67.6F,9.3
1.3,139,67.6F,9.3
1.35,151,67.6F,9.3
1.4,167,67.6F,9.3
1.45,182,67.6F,9.3
1.5,199,67.6F,9.3
1.55,216,67.5F,9.3
1.6,230,67.6F,9.3
1.65,244,67.5F,9.3
1.7,254,67.6F,9.3
1.75,269,67.6F,9.3
1.8,285,67.6F,9.3
1.85,303,67.5F,9.3
1.9,322,67.5F,9.3
1.95,341,67.6F,9.3
2,362,67.5F,9.3
2.05,385,67.5F,9.3
2.1,402,67.5F,9.3
2.15,415,67.5F,9.3
2.2,428,67.5F,9.3
2.25,444,67.5F,9.3
2.3,463,67.5F,9.3
2.35,479,67.5F,9.3
2.4,496,67.5F,9.3
2.45,516,67.5F,9.3
2.5,531,67.5F,9.3
2.55,545,67.5F,9.3
2.6,561,67.5F,9.3
2.65,577,67.5F,9.3
2.7,596,67.5F,9.3
2.75,611,67.5F,9.3
2.8,630,67.5F,9.3
2.85,647,67.5F,9.3
2.9,659,67.5F,9.3
2.95,673,67.5F,9.3
3,691,67.5F,9.3
3.05,708,67.5F,9.3
3.1,726,67.5F,9.3
3.15,740,67.5F,9.3
3.2,757,67.5F,9.3
3.25,767,67.5F,9.3
3.3,780,67.5F,9.3
3.35,794,67.5F,9.3
3.4,810,67.5F,9.3
3.45,826,67.5F,9.3
3.5,841,67.5F,9.3
3.55,857,67.5F,9.3
3.6,873,67.5F,9.3
3.65,885,67.5F,9.3
3.7,898,67.5F,9.3
3.75,911,67.5F,9.3
3.8,925,67.5F,9.3
3.85,938,67.5F,9.3
3.9,952,67.5F,9.3
3.95,967,67.5F,9.3
4,980,67.5F,9.3
4.05,993,67.5F,9.3
4.1,1006,67.5F,9.3
4.15,1019,67.5F,9.3
4.2,1033,67.5F,9.3
4.25,1046,67.5F,9.3
4.3,1058,67.4F,9.3
4.35,1070,67.5F,9.3
4.4,1084,67.5F,9.3
4.45,1096,67.4F,9.3
4.5,1106,67.4F,9.3
4.55,1120,67.5F,9.3
4.6,1133,67.4F,9.3
4.65,1146,67.4F,9.3
4.7,1159,67.4F,9.3
4.75,1170,67.4F,9.3
4.8,1182,67.4F,9.3
4.85,1195,67.4F,9.3
4.9,1207,67.4F,9.3
4.95,1218,67.4F,9.3
5,1228,67.4F,9.3
5.05,1237,67.4F,9.3
5.1,1248,67.4F,9.3
5.15,1260,67.4F,9.3
5.2,1272,67.4F,9.3
5.25,1283,67.4F,9.3
5.3,1295,67.4F,9.3
5.35,1305,67.4F,9.3
5.4,1315,67.4F,9.3
5.45,1325,67.4F,9.3
5.5,1335,67.4F,9.3
5.55,1344,67.4F,9.3
5.6,1356,67.4F,9.3
5.65,1366,67.4F,9.3
5.7,1376,67.4F,9.3
5.75,1387,67.4F,9.3
5.8,1398,67.4F,9.3
5.85,1407,67.4F,9.3
5.9,1418,67.4F,9.3
5.95,1429,67.4F,9.3
6,1440,67.4F,9.3
6.05,1451,67.4F,9.3
6.1,1458,67.4F,9.3
6.15,1465,67.4F,9.3
6.2,1475,67.4F,9.3
6.25,1485,67.4F,9.3
6.3,1494,67.4F,9.3
6.35,1503,67.4F,9.3
6.4,1514,67.4F,9.3
6.45,1523,67.4F,9.3
6.5,1528,67.4F,9.3
6.55,1537,67.4F,9.3
6.6,1546,67.4F,9.3
6.65,1552,67.4F,9.3
6.7,1560,67.4F,9.3
6.75,1569,67.4F,9.3
6.8,1578,67.4F,9.3
6.85,1585,67.4F,9.3
6.9,1593,67.4F,9.3
6.95,1601,67.4F,9.3
7,1609,67.4F,9.3
7.05,1617,67.4F,9.3
7.1,1626,67.4F,9.3
7.15,1632,67.4F,9.3
7.2,1639,67.4F,9.3
7.25,1647,67.4F,9.3
7.3,1655,67.4F,9.3
7.35,1661,67.4F,9.3
7.4,1670,67.4F,9.3
7.45,1678,67.4F,9.3
7.5,1684,67.4F,9.3
7.55,1691,67.4F,9.3
7.6,1697,67.4F,9.3
7.65,1703,67.4F,9.3
7.7,1712,67.4F,9.3
7.75,1717,67.4F,9.3
7.8,1726,67.4F,9.3
7.85,1732,67.3F,9.3
7.9,1736,67.4F,9.3
7.95,1743,67.3F,9.3
8,1750,67.3F,9.3
8.05,1756,67.3F,9.3
8.1,1761,67.4F,9.3
8.15,1767,67.3F,9.3
8.2,1774,67.3F,9.3
8.25,1778,67.4F,9.3
8.3,1784,67.3F,9.3
8.35,1788,67.3F,9.3
8.4,1795,67.3F,9.3
8.45,1801,67.3F,9.3
8.5,1805,67.3F,9.3
8.55,1811,67.3F,9.3
8.6,1816,67.3F,9.3
8.65,1821,67.3F,9.3
8.7,1825,67.3F,9.3
8.75,1833,67.3F,9.3
8.8,1838,67.3F,9.3
8.85,1841,67.3F,9.3
8.9,1846,67.3F,9.3
8.95,1849,67.3F,9.3
9,1855,67.3F,9.3
9.05,1858,67.3F,9.3
9.1,1862,67.3F,9.3
9.15,1868,67.3F,9.3
9.2,1871,67.3F,9.3
9.25,1875,67.3F,9.3
9.3,1878,67.3F,9.3
9.35,1883,67.3F,9.3
9.4,1887,67.3F,9.3
9.45,1892,67.3F,9.3
9.5,1896,67.3F,9.3
9.55,1898,67.3F,9.3
9.6,1902,67.3F,9.3
9.65,1906,67.3F,9.3
9.7,1909,67.3F,9.3
9.75,1913,67.3F,9.3
9.8,1915,67.3F,9.3
9.85,1919,67.3F,9.3
9.9,1922,67.3F,9.3
9.95,1924,67.3F,9.3
10,1928,67.3F,9.3
10.05,1930,67.3F,9.3
10.1,1934,67.3F,9.3
10.15,1938,67.3F,9.3
10.2,1938,67.3F,9.3
10.25,1941,67.3F,9.3
10.3,1943,67.3F,9.3
10.35,1947,67.3F,9.3
10.4,1946,67.3F,9.3
10.45,1950,67.3F,9.3
10.5,1953,67.3F,9.3
10.55,1955,67.3F,9.3
10.6,1957,67.3F,9.3
10.65,1958,67.3F,9.3
10.7,1960,67.3F,9.3
10.75,1963,67.3F,9.3
10.8,1963,67.3F,9.3
10.85,1967,67.3F,9.3
10.9,1968,67.3F,9.3
10.95,1969,67.3F,9.3
11,1970,67.3F,9.3
11.05,1972,67.3F,9.3
11.1,1974,67.3F,9.3
11.15,1972,67.3F,9.3
11.2,1975,67.3F,9.3
11.25,1976,67.3F,9.3
11.3,1976,67.3F,9.3
11.35,1978,67.3F,9.3
11.4,1979,67.3F,9.3
11.45,1980,67.3F,9.3
11.5,1979,67.3F,9.3
11.55,1980,67.3F,9.3
11.6,1980,67.3F,9.3
11.65,1980,67.3F,9.3
11.7,1955,67.3F,9.3
11.75,1992,67.2F,9.3
11.8,1991,67.2F,9.3
11.85,1990,67.2F,9.3
11.9,1993,67.2F,9.3
11.95,1993,67.2F,9.3
12,1995,67.2F,9.3
12.05,1996,67.2F,9.3
12.1,1999,67.2F,9.3
12.15,2001,67.2F,9.3
12.2,1999,67.2F,9.3
12.25,1995,67.3F,9.3
12.3,1992,67.3F,9.3
12.35,1989,67.2F,9.3
12.4,1983,67.2F,9.3
12.45,1979,67.3F,9.3
12.5,1982,67.3F,9.3
12.55,1990,67.2F,9.3
12.6,1991,67.2F,9.3
12.65,1982,67.2F,9.3
12.7,1975,67.2F,9.3
12.75,1974,67.2F,9.3
12.8,1973,67.2F,9.3
12.85,1971,67.2F,9.3
12.9,1969,67.2F,9.3
12.95,1965,67.2F,9.3
13,1968,67.2F,9.3
13.05,1968,67.2F,9.3
13.1,1966,67.2F,9.3
13.15,1965,67.2F,9.3
13.2,1961,67.2F,9.3
13.25,1960,67.2F,9.3
13.3,1957,67.2F,9.3
13.35,1955,67.2F,9.3
13.4,1954,67.2F,9.3
13.45,1951,67.2F,9.3
13.5,1945,67.2F,9.3
13.55,1943,67.2F,9.3
13.6,1944,67.2F,9.3
13.65,1943,67.2F,9.3
13.7,1944,67.2F,9.3
13.75,1941,67.2F,9.3
13.8,1942,67.2F,9.3
13.85,1944,67.2F,9.3
13.9,1946,67.2F,9.3
13.95,1943,67.2F,9.3
14,1941,67.2F,9.3
14.05,1943,67.2F,9.3
14.1,1942,67.2F,9.3
14.15,1942,67.2F,9.3
14.2,1932,67.2F,9.3
14.25,1929,67.2F,9.3
14.3,1924,67.2F,9.3
14.35,1922,67.2F,9.3
14.4,1917,67.2F,9.3
14.45,1915,67.2F,9.3
14.5,1913,67.2F,9.3
14.55,1910,67.2F,9.3
14.6,1912,67.2F,9.3
14.65,1908,67.2F,9.3
14.7,1905,67.2F,9.3
14.75,1907,67.2F,9.3
14.8,1908,67.2F,9.3
14.85,1914,67.2F,9.3
14.9,1909,67.2F,9.3
14.95,1909,67.2F,9.3
15,1900,67.2F,9.3
15.05,1897,67.2F,9.3
15.1,1896,67.2F,9.3
15.15,1894,67.2F,9.3
15.2,1896,67.2F,9.3
15.25,1895,67.2F,9.3
15.3,1892,67.2F,9.3
15.35,1889,67.2F,9.3
15.4,1887,67.2F,9.3
15.45,1886,67.2F,9.3
15.5,1881,67.2F,9.3
15.55,1876,67.2F,9.3
15.6,1874,67.2F,9.3
15.65,1870,67.2F,9.3
15.7,1869,67.2F,9.3
15.75,1867,67.2F,9.3
15.8,1865,67.2F,9.3
15.85,1861,67.2F,9.3
15.9,1859,67.2F,9.3
15.95,1858,67.2F,9.3
16,1855,67.2F,9.3
16.05,1854,67.2F,9.3
16.1,1851,67.2F,9.3
16.15,1849,67.2F,9.3
16.2,1847,67.2F,9.3
16.25,1843,67.2F,9.3
16.3,1842,67.2F,9.3
16.35,1840,67.2F,9.3
16.4,1839,67.2F,9.3
16.45,1837,67.2F,9.3
16.5,1834,67.2F,9.3
16.55,1834,67.2F,9.3
16.6,1831,67.2F,9.3
16.65,1829,67.2F,9.3
16.7,1828,67.2F,9.3
16.75,1828,67.2F,9.3
16.8,1831,67.2F,9.3
16.85,1827,67.2F,9.3
16.9,1824,67.2F,9.3
16.95,1825,67.2F,9.3
17,1822,67.2F,9.3
17.05,1821,67.2F,9.3
17.1,1819,67.2F,9.3
17.15,1814,67.2F,9.3
17.2,1813,67.2F,9.3
17.25,1812,67.2F,9.3
17.3,1808,67.2F,9.3
17.35,1808,67.2F,9.3
17.4,1808,67.2F,9.3
17.45,1806,67.2F,9.3
17.5,1803,67.2F,9.3
17.55,1802,67.2F,9.3
17.6,1801,67.2F,9.3
17.65,1798,67.2F,9.3
17.7,1797,67.2F,9.3
17.75,1793,67.2F,9.3
17.8,1793,67.2F,9.3
17.85,1792,67.2F,9.3
17.9,1790,67.2F,9.3
17.95,1786,67.2F,9.3
18,1785,67.2F,9.3
18.05,1780,67.2F,9.3
18.1,1777,67.2F,9.3
18.15,1770,67.2F,9.3
18.2,1769,67.2F,9.3
18.25,1762,67.2F,9.3
18.3,1760,67.2F,9.3
18.35,1759,67.2F,9.3
18.4,1756,67.2F,9.3
18.45,1755,67.2F,9.3
18.5,1755,67.2F,9.3
18.55,1756,67.2F,9.3
18.6,1751,67.2F,9.3
18.65,1747,67.2F,9.3
18.7,1741,67.2F,9.3
18.75,1738,67.2F,9.3
18.8,1736,67.2F,9.3
18.85,1733,67.2F,9.3
18.9,1731,67.2F,9.3
18.95,1729,67.2F,9.3
19,1729,67.2F,9.3
19.05,1727,67.2F,9.3
19.1,1726,67.2F,9.3
19.15,1721,67.2F,9.3
19.2,1718,67.2F,9.3
19.25,1722,67.2F,9.3
19.3,1721,67.2F,9.3
19.35,1722,67.2F,9.3
19.4,1722,67.2F,9.3
19.45,1719,67.2F,9.3
19.5,1716,67.2F,9.3
19.55,1713,67.2F,9.3
19.6,1714,67.2F,9.3
19.65,1716,67.2F,9.3
19.7,1713,67.2F,9.3
19.75,1712,67.2F,9.3
19.8,1709,67.2F,9.3
19.85,1706,67.2F,9.3
19.9,1706,67.2F,9.3
19.95,1702,67.2F,9.3
20,1700,67.2F,9.3
20.05,1699,67.2F,9.3
20.1,1699,67.2F,9.3
20.15,1698,67.2F,9.3
20.2,1696,67.2F,9.3
20.25,1695,67.2F,9.3
20.3,1693,67.2F,9.3
20.35,1691,67.2F,9.3
20.4,1689,67.2F,9.3
20.45,1686,67.2F,9.3
20.5,1680,67.2F,9.3
20.55,1675,67.2F,9.3
20.6,1668,67.2F,9.3
20.65,1663,67.2F,9.3
20.7,1661,67.2F,9.3
20.75,1657,67.2F,9.3
20.8,1657,67.2F,9.3
20.85,1657,67.2F,9.3
20.9,1653,67.2F,9.3
20.95,1651,67.2F,9.3
21,1651,67.2F,9.3
21.05,1650,67.2F,9.3
21.1,1652,67.2F,9.3
21.15,1655,67.2F,9.3
21.2,1648,67.2F,9.3
21.25,1647,67.2F,9.3
21.3,1640,67.2F,9.3
21.35,1645,67.2F,9.3
21.4,1645,67.2F,9.3
21.45,1644,67.2F,9.3
21.5,1643,67.2F,9.3
21.55,1644,67.2F,9.3
21.6,1639,67.2F,9.3
21.65,1632,67.2F,9.3
21.7,1631,67.2F,9.3
21.75,1627,67.2F,9.3
21.8,1626,67.2F,9.3
21.85,1621,67.2F,9.3
21.9,1621,67.2F,9.3
21.95,1615,67.2F,9.3
22,1613,67.2F,9.3
22.05,1612,67.2F,9.3
22.1,1610,67.2F,9.3
22.15,1607,67.2F,9.3
22.2,1601,67.2F,9.3
22.25,1596,67.2F,9.3
22.3,1594,67.2F,9.3
22.35,1593,67.2F,9.3
22.4,1595,67.2F,9.3
22.45,1590,67.2F,9.3
22.5,1585,67.2F,9.3
22.55,1581,67.2F,9.3
22.6,1582,67.2F,9.3
22.65,1585,67.2F,9.3
22.7,1581,67.2F,9.3
22.75,1573,67.2F,9.3
22.8,1570,67.2F,9.3
22.85,1568,67.2F,9.3
22.9,1567,67.2F,9.3
22.95,1566,67.2F,9.3
23,1564,67.2F,9.3
23.05,1563,67.2F,9.3
23.1,1560,67.2F,9.3
23.15,1560,67.2F,9.3
23.2,1559,67.2F,9.3
23.25,1558,67.2F,9.3
23.3,1556,67.2F,9.3
23.35,1554,67.2F,9.3
23.4,1551,67.2F,9.3
23.45,1549,67.2F,9.3
23.5,1548,67.2F,9.3
23.55,1544,67.2F,9.3
23.6,1543,67.2F,9.3
23.65,1538,67.2F,9.3
23.7,1536,67.2F,9.3
23.75,1533,67.2F,9.3
23.8,1531,67.2F,9.3
23.85,1532,67.2F,9.3
23.9,1530,67.2F,9.3
23.95,1530,67.2F,9.3
24,1531,67.2F,9.3
24.05,1529,67.2F,9.3
24.1,1528,67.2F,9.3
24.15,1526,67.2F,9.3
24.2,1523,67.2F,9.3
24.25,1517,67.2F,9.3
24.3,1515,67.2F,9.3
24.35,1515,67.2F,9.3
24.4,1513,67.2F,9.3
24.45,1514,67.2F,9.3
24.5,1511,67.2F,9.3
24.55,1513,67.2F,9.3
24.6,1507,67.2F,9.3
24.65,1508,67.2F,9.3
24.7,1506,67.2F,9.3
24.75,1506,67.2F,9.3
24.8,1496,67.2F,9.3
24.85,1497,67.2F,9.3
24.9,1492,67.2F,9.3
24.95,1491,67.2F,9.3
25,1489,67.2F,9.3
25.05,1488,67.2F,9.3
25.1,1486,67.2F,9.3
25.15,1484,67.2F,9.3
25.2,1481,67.2F,9.3
25.25,1480,67.2F,9.3
25.3,1477,67.2F,9.3
25.35,1474,67.2F,9.3
25.4,1470,67.2F,9.3
25.45,1468,67.2F,9.3
25.5,1465,67.2F,9.3
25.55,1465,67.2F,9.3
25.6,1467,67.2F,9.3
25.65,1472,67.2F,9.3
25.7,1473,67.2F,9.3
25.75,1474,67.2F,9.3
25.8,1473,67.2F,9.3
25.85,1476,67.2F,9.3
25.9,1475,67.2F,9.3
25.95,1475,67.2F,9.3
26,1466,67.2F,9.3
26.05,1462,67.2F,9.3
26.1,1456,67.2F,9.3
26.15,1450,67.2F,9.3
26.2,1442,67.2F,9.3
26.25,1438,67.2F,9.3
26.3,1434,67.2F,9.3
26.35,1435,67.2F,9.3
26.4,1433,67.2F,9.3
26.45,1431,67.2F,9.3
26.5,1429,67.2F,9.3
26.55,1427,67.2F,9.3
26.6,1425,67.2F,9.3
26.65,1426,67.2F,9.3
26.7,1423,67.2F,9.3
26.75,1418,67.2F,9.3
26.8,1423,67.2F,9.3
26.85,1425,67.2F,9.3
26.9,1422,67.2F,9.3
26.95,1419,67.2F,9.3
27,1417,67.2F,9.3
27.05,1412,67.2F,9.3
27.1,1410,67.2F,9.3
27.15,1409,67.2F,9.3
27.2,1409,67.2F,9.3
27.25,1407,67.2F,9.3
27.3,1402,67.2F,9.3
27.35,1398,67.2F,9.3
27.4,1398,67.2F,9.3
27.45,1390,67.2F,9.3
27.5,1385,67.2F,9.3
27.55,1383,67.2F,9.3
27.6,1381,67.2F,9.3
27.65,1381,67.2F,9.3
27.7,1381,67.2F,9.3
27.75,1380,67.2F,9.3
27.8,1383,67.2F,9.3
27.85,1384,67.2F,9.3
27.9,1387,67.2F,9.3
27.95,1388,67.2F,9.3
28,1387,67.2F,9.3
28.05,1389,67.2F,9.3
28.1,1385,67.2F,9.3
28.15,1381,67.2F,9.3
28.2,1377,67.2F,9.3
28.25,1370,67.2F,9.3
28.3,1365,67.2F,9.3
28.35,1361,67.2F,9.3
28.4,1359,67.2F,9.3
28.45,1359,67.2F,9.3
28.5,1357,67.2F,9.3
28.55,1356,67.2F,9.3
28.6,1354,67.2F,9.3
28.65,1351,67.2F,9.3
28.7,1349,67.2F,9.3
28.75,1347,67.2F,9.3
28.8,1346,67.2F,9.3
28.85,1342,67.2F,9.3
28.9,1341,67.2F,9.3
28.95,1337,67.2F,9.3
29,1335,67.2F,9.3
29.05,1330,67.2F,9.3
29.1,1335,67.2F,9.3
29.15,1329,67.2F,9.3
29.2,1324,67.2F,9.3
29.25,1322,67.2F,9.3
29.3,1320,67.2F,9.3
29.35,1317,67.2F,9.3
29.4,1320,67.2F,9.3
29.45,1317,67.2F,9.3
29.5,1314,67.2F,9.3
29.55,1310,67.2F,9.3
29.6,1308,67.2F,9.3
29.65,1308,67.2F,9.3
29.7,1305,67.2F,9.3
29.75,1306,67.2F,9.3
29.8,1302,67.2F,9.3
29.85,1300,67.2F,9.3
29.9,1300,67.2F,9.3
29.95,1300,67.2F,9.3
30,1296,67.2F,9.3
30.05,1292,67.2F,9.3
30.1,1295,67.2F,9.3
30.15,1291,67.2F,9.3
30.2,1292,67.2F,9.3
30.25,1288,67.2F,9.3
30.3,1289,67.2F,9.3
30.35,1288,67.2F,9.3
30.4,1282,67.2F,9.3
30.45,1279,67.2F,9.3
30.5,1281,67.2F,9.3
30.55,1279,67.2F,9.3
30.6,1272,67.2F,9.3
30.65,1269,67.2F,9.3
30.7,1266,67.2F,9.3
30.75,1267,67.2F,9.3
30.8,1266,67.2F,9.3
30.85,1262,67.2F,9.3
30.9,1255,67.2F,9.3
30.95,1251,67.2F,9.3
31,1247,67.2F,9.3
31.05,1242,67.2F,9.3
31.1,1238,67.2F,9.3
31.15,1235,67.2F,9.3
31.2,1232,67.2F,9.3
31.25,1229,67.2F,9.3
31.3,1229,67.2F,9.3
31.35,1230,67.2F,9.3
31.4,1235,67.2F,9.3
31.45,1239,67.2F,9.3
31.5,1239,67.2F,9.3
31.55,1238,67.2F,9.3
31.6,1235,67.2F,9.3
31.65,1231,67.2F,9.3
31.7,1230,67.2F,9.3
31.75,1227,67.2F,9.3
31.8,1233,67.2F,9.3
31.85,1225,67.2F,9.3
31.9,1227,67.2F,9.3
31.95,1228,67.2F,9.3
32,1223,67.2F,9.3
32.05,1218,67.2F,9.3
32.1,1216,67.2F,9.3
32.15,1207,67.2F,9.3
32.2,1203,67.2F,9.3
32.25,1199,67.2F,9.3
32.3,1193,67.2F,9.3
32.35,1193,67.2F,9.3
32.4,1195,67.2F,9.3
32.45,1191,67.2F,9.3
32.5,1187,67.2F,9.3
32.55,1193,67.2F,9.3
32.6,1192,67.2F,9.3
32.65,1192,67.2F,9.3
32.7,1193,67.2F,9.3
32.75,1196,67.2F,9.3
32.8,1195,67.2F,9.3
32.85,1196,67.2F,9.3
32.9,1188,67.2F,9.3
32.95,1184,67.2F,9.3
33,1179,67.2F,9.3
33.05,1176,67.2F,9.3
33.1,1173,67.2F,9.3
33.15,1171,67.2F,9.3
33.2,1171,67.2F,9.3
33.25,1167,67.2F,9.3
33.3,1167,67.2F,9.3
33.35,1166,67.2F,9.3
33.4,1164,67.2F,9.3
33.45,1166,67.2F,9.3
33.5,1162,67.2F,9.3
33.55,1156,67.2F,9.3
33.6,1153,67.2F,9.3
33.65,1151,67.2F,9.3
33.7,1149,67.2F,9.3
33.75,1147,67.2F,9.3
33.8,1146,67.2F,9.3
33.85,1143,67.2F,9.3
33.9,1142,67.2F,9.3
33.95,1142,67.2F,9.3
34,1149,67.2F,9.3
34.05,1143,67.2F,9.3
34.1,1139,67.2F,9.3
34.15,1129,67.2F,9.3
34.2,1125,67.2F,9.3
34.25,1127,67.2F,9.3
34.3,1126,67.2F,9.3
34.35,1126,67.2F,9.3
34.4,1126,67.2F,9.3
34.45,1123,67.2F,9.3
34.5,1121,67.2F,9.3
34.55,1120,67.1F,9.3
34.6,1113,67.2F,9.3
34.65,1108,67.2F,9.3
34.7,1103,67.2F,9.3
34.75,1100,67.2F,9.3
34.8,1097,67.2F,9.3
34.85,1096,67.2F,9.3
34.9,1094,67.2F,9.3
34.95,1095,67.2F,9.3
35,1092,67.2F,9.3
35.05,1090,67.2F,9.3
35.1,1088,67.2F,9.3
35.15,1085,67.1F,9.3
35.2,1083,67.1F,9.3
35.25,1080,67.1F,9.3
35.3,1079,67.2F,9.3
35.35,1079,67.1F,9.3
35.4,1078,67.2F,9.3
35.45,1079,67.1F,9.3
35.5,1075,67.1F,9.3
35.55,1074,67.1F,9.3
35.6,1073,67.1F,9.3
35.65,1070,67.1F,9.3
35.7,1069,67.1F,9.3
35.75,1066,67.1F,9.3
35.8,1064,67.1F,9.3
35.85,1063,67.1F,9.3
35.9,1062,67.1F,9.3
35.95,1060,67.1F,9.3
36,1057,67.1F,9.3
36.05,1056,67.1F,9.3
36.1,1054,67.1F,9.3
36.15,1053,67.1F,9.3
36.2,1051,67.1F,9.3
36.25,1050,67.1F,9.3
36.3,1048,67.1F,9.3
36.35,1046,67.1F,9.3
36.4,1044,67.1F,9.3
36.45,1042,67.1F,9.3
36.5,1039,67.2F,9.3
36.55,1039,67.1F,9.3
36.6,1038,67.1F,9.3
36.65,1035,67.1F,9.3
36.7,1034,67.1F,9.3
36.75,1034,67.1F,9.3
36.8,1034,67.1F,9.3
36.85,1032,67.1F,9.3
36.9,1030,67.1F,9.3
36.95,1027,67.1F,9.3
37,1024,67.1F,9.3
37.05,1024,67.1F,9.3
37.1,1023,67.1F,9.3
37.15,1021,67.1F,9.3
37.2,1019,67.1F,9.3
37.25,1016,67.1F,9.3
37.3,1016,67.1F,9.3
37.35,1013,67.1F,9.3
37.4,1012,67.1F,9.3
37.45,1013,67.1F,9.3
37.5,1012,67.1F,9.3
37.55,1009,67.1F,9.3
37.6,1009,67.1F,9.3
37.65,1006,67.1F,9.3
37.7,1006,67.1F,9.3
37.75,1007,67.1F,9.3
37.8,1006,67.1F,9.3
37.85,1006,67.1F,9.3
37.9,1005,67.1F,9.3
37.95,1002,67.1F,9.3
38,1002,67.1F,9.3
38.05,999,67.1F,9.3
38.1,998,67.1F,9.3
38.15,994,67.1F,9.3
38.2,988,67.1F,9.3
38.25,985,67.1F,9.3
38.3,983,67.1F,9.3
38.35,982,67.1F,9.3
38.4,982,67.1F,9.3
38.45,979,67.1F,9.3
38.5,978,67.1F,9.3
38.55,977,67.1F,9.3
38.6,976,67.1F,9.3
38.65,973,67.1F,9.3
38.7,971,67.1F,9.3
38.75,968,67.1F,9.3
38.8,965,67.1F,9.3
38.85,961,67.1F,9.3
38.9,962,67.1F,9.3
38.95,962,67.1F,9.3
39,960,67.1F,9.3
39.05,957,67.1F,9.3
39.1,956,67.1F,9.3
39.15,952,67.1F,9.3
39.2,952,67.1F,9.3
39.25,951,67.1F,9.3
39.3,950,67.1F,9.3
39.35,949,67.1F,9.3
39.4,948,67.1F,9.3
39.45,948,67.1F,9.3
39.5,947,67.1F,9.3
39.55,946,67.1F,9.3
39.6,943,67.1F,9.3
39.65,944,67.1F,9.3
39.7,944,67.1F,9.3
39.75,939,67.1F,9.3
39.8,935,67.1F,9.3
39.85,932,67.1F,9.3
39.9,929,67.1F,9.3
39.95,927,67.1F,9.3
40,926,67.1F,9.3
40.05,924,67.1F,9.3
40.1,925,67.1F,9.3
40.15,923,67.1F,9.3
40.2,922,67.1F,9.3
40.25,923,67.1F,9.3
40.3,923,67.1F,9.3
40.35,919,67.1F,9.3
40.4,918,67.1F,9.3
40.45,915,67.1F,9.3
40.5,915,67.1F,9.3
40.55,913,67.1F,9.3
40.6,913,67.1F,9.3
40.65,910,67.1F,9.3
40.7,908,67.1F,9.3
40.75,908,67.1F,9.3
40.8,908,67.1F,9.3
40.85,906,67.1F,9.3
40.9,905,67.1F,9.3
40.95,900,67.1F,9.3
41,897,67.1F,9.3
41.05,891,67.1F,9.3
41.1,895,67.1F,9.3
41.15,892,67.1F,9.3
41.2,891,67.1F,9.3
41.25,888,67.1F,9.3
41.3,888,67.1F,9.3
41.35,885,67.1F,9.3
41.4,885,67.1F,9.3
41.45,885,67.1F,9.3
41.5,883,67.1F,9.3
41.55,883,67.1F,9.3
41.6,880,67.1F,9.3
41.65,880,67.1F,9.3
41.7,879,67.1F,9.3
41.75,877,67.1F,9.3
41.8,877,67.1F,9.3
41.85,872,67.1F,9.3
41.9,873,67.1F,9.3
41.95,870,67.1F,9.3
42,868,67.1F,9.3
42.05,868,67.1F,9.3
42.1,867,67.1F,9.3
42.15,865,67.1F,9.3
42.2,864,67.1F,9.3
42.25,861,67.1F,9.3
42.3,860,67.1F,9.3
42.35,858,67.1F,9.3
42.4,854,67.1F,9.3
42.45,853,67.1F,9.3
42.5,851,67.1F,9.3
42.55,850,67.1F,9.3
42.6,849,67.1F,9.3
42.65,849,67.1F,9.3
42.7,849,67.1F,9.3
42.75,848,67.1F,9.3
42.8,848,67.1F,9.3
42.85,850,67.1F,9.3
42.9,847,67.1F,9.3
42.95,846,67.1F,9.3
43,840,67.1F,9.3
43.05,840,67.1F,9.3
43.1,841,67.1F,9.3
43.15,840,67.1F,9.3
43.2,838,67.1F,9.3
43.25,840,67.1F,9.3
43.3,837,67.1F,9.3
43.35,837,67.1F,9.3
43.4,837,67.1F,9.3
43.45,837,67.1F,9.3
43.5,834,67.1F,9.3
43.55,834,67.1F,9.3
43.6,832,67.1F,9.3
43.65,834,67.1F,9.3
43.7,831,67.1F,9.3
43.75,829,67.1F,9.3
43.8,823,67.1F,9.3
43.85,823,67.0F,9.3
43.9,819,67.1F,9.3
43.95,816,67.0F,9.3
44,811,67.0F,9.3
44.05,812,67.0F,9.3
44.1,807,67.0F,9.3
44.15,806,67.0F,9.3
44.2,809,67.0F,9.3
44.25,809,67.0F,9.3
44.3,799,67.0F,9.3
44.35,794,67.0F,9.3
44.4,790,67.0F,9.3
44.45,789,67.0F,9.3
44.5,788,67.0F,9.3
44.55,788,67.0F,9.3
44.6,785,67.0F,9.3
44.65,781,67.0F,9.3
44.7,778,67.0F,9.3
44.75,775,67.0F,9.3
44.8,772,67.0F,9.3
44.85,773,67.0F,9.3
44.9,771,67.0F,9.3
44.95,770,67.0F,9.3
45,770,67.0F,9.3
45.05,770,67.0F,9.3
45.1,767,67.0F,9.3
45.15,763,67.0F,9.3
45.2,761,67.0F,9.3
45.25,759,67.0F,9.3
45.3,756,67.0F,9.3
45.35,753,67.0F,9.3
45.4,753,67.0F,9.3
45.45,752,67.0F,9.3
45.5,759,67.0F,9.3
45.55,763,67.0F,9.3
45.6,762,67.0F,9.3
45.65,761,67.0F,9.3
45.7,755,67.0F,9.3
45.75,751,67.0F,9.3
45.8,749,67.0F,9.3
45.85,738,67.0F,9.3
45.9,734,67.0F,9.3
45.95,733,67.0F,9.3
46,731,67.0F,9.3
46.05,730,67.0F,9.3
46.1,731,67.0F,9.3
46.15,729,67.0F,9.3
46.2,726,67.0F,9.3
46.25,725,67.0F,9.3
46.3,726,67.0F,9.3
46.35,728,67.0F,9.3
46.4,729,67.0F,9.3
46.45,728,67.0F,9.3
46.5,724,67.0F,9.3
46.55,720,67.0F,9.3
46.6,716,67.0F,9.3
46.65,712,67.0F,9.3
46.7,713,67.0F,9.3
46.75,711,67.0F,9.3
46.8,709,67.0F,9.3
46.85,705,67.0F,9.3
46.9,702,67.0F,9.3
46.95,699,67.0F,9.3
47,695,67.0F,9.3
47.05,697,67.0F,9.3
47.1,696,67.0F,9.3
47.15,693,67.0F,9.3
47.2,692,67.0F,9.3
47.25,687,67.0F,9.3
47.3,682,67.0F,9.3
47.35,678,67.0F,9.3
47.4,676,67.0F,9.3
47.45,677,67.0F,9.3
47.5,677,67.0F,9.3
47.55,677,67.0F,9.3
47.6,677,67.0F,9.3
47.65,671,66.9F,9.3
47.7,670,67.0F,9.3
47.75,665,67.0F,9.3
47.8,662,67.0F,9.3
47.85,661,67.0F,9.3
47.9,663,66.9F,9.3
47.95,664,66.9F,9.3
48,662,66.9F,9.3
48.05,660,66.9F,9.3
48.1,657,66.9F,9.3
48.15,654,66.9F,9.3
48.2,650,66.9F,9.3
48.25,648,66.9F,9.3
48.3,646,66.9F,9.3
48.35,648,66.9F,9.3
48.4,646,66.9F,9.3
48.45,645,66.9F,9.3
48.5,643,66.9F,9.3
48.55,639,66.9F,9.3
48.6,636,66.9F,9.3
48.65,632,66.9F,9.3
48.7,631,66.9F,9.3
48.75,628,66.9F,9.3
48.8,628,66.9F,9.3
48.85,628,66.9F,9.3
48.9,625,66.9F,9.3
48.95,624,66.9F,9.3
49,623,66.9F,9.3
49.05,622,66.9F,9.3
49.1,619,66.9F,9.3
49.15,617,66.9F,9.3
49.2,614,66.9F,9.3
49.25,614,66.9F,9.3
49.3,609,66.9F,9.3
49.35,608,66.9F,9.3
49.4,606,66.9F,9.3
49.45,603,66.9F,9.3
49.5,603,66.9F,9.3
49.55,603,66.9F,9.3
49.6,598,66.9F,9.3
49.65,597,66.9F,9.3
49.7,594,66.9F,9.3
49.75,593,66.9F,9.3
49.8,592,66.9F,9.3
49.85,590,66.9F,9.3
49.9,587,66.9F,9.3
49.95,587,66.9F,9.3
50,583,66.9F,9.3
50.05,582,66.9F,9.3
50.1,581,66.9F,9.3
50.15,580,66.9F,9.3
50.2,578,66.9F,9.3
50.25,577,66.9F,9.3
50.3,573,66.9F,9.3
50.35,575,66.9F,9.3
50.4,573,66.9F,9.3
50.45,572,66.9F,9.3
50.5,570,66.9F,9.3
50.55,567,66.9F,9.3
50.6,567,66.9F,9.3
50.65,567,66.9F,9.3
50.7,565,66.9F,9.3
50.75,564,66.9F,9.3
50.8,562,66.9F,9.3
50.85,559,66.9F,9.3
50.9,560,66.9F,9.3
50.95,556,66.9F,9.3
51,555,66.9F,9.3
51.05,553,66.9F,9.3
51.1,552,66.9F,9.3
51.15,550,66.9F,9.3
51.2,548,66.9F,9.3
51.25,546,66.9F,9.3
51.3,547,66.9F,9.3
51.35,544,66.9F,9.3
51.4,541,66.9F,9.3
51.45,541,66.9F,9.3
51.5,539,66.9F,9.3
51.55,538,66.9F,9.3
51.6,538,66.9F,9.3
51.65,535,66.9F,9.3
51.7,538,66.9F,9.3
51.75,537,66.9F,9.3
51.8,537,66.9F,9.3
51.85,538,66.9F,9.3
51.9,534,66.9F,9.3
51.95,532,66.9F,9.3
52,530,66.9F,9.3
52.05,532,66.9F,9.3
52.1,530,66.9F,9.3
52.15,526,66.9F,9.3
52.2,522,66.8F,9.3
52.25,523,66.8F,9.3
52.3,516,66.8F,9.3
52.35,517,66.8F,9.3
52.4,513,66.8F,9.3
52.45,513,66.8F,9.3
52.5,513,66.8F,9.3
52.55,507,66.8F,9.3
52.6,503,66.8F,9.3
52.65,499,66.8F,9.3
52.7,497,66.8F,9.3
52.75,495,66.8F,9.3
52.8,495,66.8F,9.3
52.85,491,66.8F,9.3
52.9,488,66.8F,9.3
52.95,487,66.8F,9.3
53,484,66.8F,9.3
53.05,482,66.8F,9.3
53.1,482,66.8F,9.3
53.15,482,66.8F,9.3
53.2,482,66.8F,9.3
53.25,484,66.8F,9.3
53.3,479,66.8F,9.3
53.35,474,66.8F,9.3
53.4,471,66.8F,9.3
53.45,465,66.8F,9.3
53.5,462,66.8F,9.3
53.55,458,66.8F,9.3
53.6,456,66.8F,9.3
53.65,454,66.8F,9.3
53.7,451,66.8F,9.3
53.75,449,66.8F,9.3
53.8,448,66.8F,9.3
53.85,447,66.8F,9.3
53.9,445,66.8F,9.3
53.95,445,66.8F,9.3
54,446,66.8F,9.3
54.05,444,66.8F,9.3
54.1,446,66.8F,9.3
54.15,441,66.8F,9.3
54.2,440,66.8F,9.3
54.25,435,66.8F,9.3
54.3,434,66.8F,9.3
54.35,433,66.8F,9.3
54.4,429,66.8F,9.3
54.45,428,66.8F,9.3
54.5,426,66.8F,9.3
54.55,424,66.8F,9.3
54.6,423,66.8F,9.3
54.65,421,66.8F,9.3
54.7,419,66.8F,9.3
54.75,418,66.8F,9.3
54.8,415,66.8F,9.3
54.85,413,66.8F,9.3
54.9,411,66.8F,9.3
54.95,409,66.8F,9.3
55,405,66.8F,9.3
55.05,403,66.8F,9.3
55.1,404,66.8F,9.3
55.15,404,66.8F,9.3
55.2,405,66.8F,9.3
55.25,404,66.8F,9.3
55.3,404,66.8F,9.3
55.35,403,66.8F,9.3
55.4,403,66.8F,9.3
55.45,402,66.8F,9.3
55.5,403,66.8F,9.3
55.55,406,66.8F,9.3
55.6,404,66.8F,9.3
55.65,400,66.8F,9.3
55.7,400,66.8F,9.3
55.75,398,66.8F,9.3
55.8,398,66.8F,9.3
55.85,391,66.8F,9.3
55.9,387,66.8F,9.3
55.95,384,66.8F,9.3
56,381,66.8F,9.3
56.05,378,66.8F,9.3
56.1,378,66.8F,9.3
56.15,372,66.8F,9.3
56.2,369,66.8F,9.3
56.25,366,66.8F,9.3
56.3,361,66.8F,9.3
56.35,357,66.8F,9.3
56.4,355,66.8F,9.3
56.45,351,66.8F,9.3
56.5,349,66.8F,9.3
56.55,349,66.8F,9.3
56.6,345,66.8F,9.3
56.65,343,66.8F,9.3
56.7,344,66.8F,9.3
56.75,339,66.8F,9.3
56.8,339,66.8F,9.3
56.85,339,66.8F,9.3
56.9,334,66.8F,9.3
56.95,334,66.8F,9.3
57,330,66.8F,9.3
57.05,331,66.8F,9.3
57.1,329,66.8F,9.3
57.15,325,66.8F,9.3
57.2,323,66.8F,9.3
57.25,320,66.8F,9.3
57.3,317,66.8F,9.3
57.35,315,66.8F,9.3
57.4,315,66.8F,9.3
57.45,313,66.8F,9.3
57.5,312,66.8F,9.3
57.55,314,66.8F,9.3
57.6,314,66.8F,9.3
57.65,315,66.8F,9.3
57.7,316,66.8F,9.3
57.75,319,66.8F,9.3
57.8,319,66.8F,9.3
57.85,315,66.8F,9.3
57.9,309,66.8F,9.3
57.95,307,66.8F,9.3
58,306,66.8F,9.3
58.05,303,66.8F,9.3
58.1,303,66.8F,9.3
58.15,300,66.8F,9.3
58.2,298,66.8F,9.3
58.25,296,66.8F,9.3
58.3,296,66.8F,9.3
58.35,291,66.8F,9.3
58.4,289,66.8F,9.3
58.45,284,66.8F,9.3
58.5,284,66.8F,9.3
58.55,281,66.8F,9.3
58.6,282,66.8F,9.3
58.65,279,66.8F,9.3
58.7,276,66.8F,9.3
58.75,271,66.8F,9.3
58.8,269,66.8F,9.3
58.85,267,66.8F,9.3
58.9,266,66.8F,9.3
58.95,267,66.8F,9.3
59,267,66.8F,9.3
59.05,263,66.8F,9.3
59.1,260,66.8F,9.3
59.15,256,66.8F,9.3
59.2,251,66.8F,9.3
59.25,250,66.8F,9.3
59.3,246,66.8F,9.3
59.35,246,66.8F,9.3
59.4,244,66.8F,9.3
59.45,243,66.8F,9.3
59.5,242,66.8F,9.3
59.55,241,66.8F,9.3
59.6,238,66.8F,9.3
59.65,237,66.8F,9.3
59.7,233,66.8F,9.3
59.75,230,66.8F,9.3
59.8,227,66.8F,9.3
59.85,227,66.8F,9.3
59.9,226,66.8F,9.3
59.95,224,66.8F,9.3
60,221,66.8F,9.3
60.05,220,66.8F,9.3
60.1,220,66.8F,9.3
60.15,218,66.8F,9.3
60.2,214,66.8F,9.3
60.25,217,66.8F,9.3
60.3,215,66.8F,9.3
60.35,218,66.8F,9.3
60.4,215,66.8F,9.3
60.45,212,66.8F,9.3
60.5,210,66.8F,9.3
60.55,205,66.8F,9.3
60.6,205,66.8F,9.3
60.65,201,66.8F,9.3
60.7,198,66.8F,9.3
60.75,198,66.8F,9.3
60.8,195,66.8F,9.3
60.85,196,66.8F,9.3
60.9,195,66.8F,9.3
60.95,192,66.8F,9.3
61,192,66.8F,9.3
61.05,187,66.8F,9.3
61.1,185,66.8F,9.3
61.15,180,66.8F,9.3
61.2,175,66.8F,9.3
61.25,176,66.8F,9.3
61.3,173,66.8F,9.3
61.35,171,66.8F,9.3
61.4,171,66.8F,9.3
61.45,172,66.8F,9.3
61.5,170,66.8F,9.3
61.55,170,66.8F,9.3
61.6,166,66.8F,9.3
61.65,162,66.8F,9.3
61.7,157,66.8F,9.3
61.75,155,66.8F,9.3
61.8,155,66.8F,9.3
61.85,152,66.8F,9.3
61.9,155,66.8F,9.3
61.95,152,66.8F,9.3
62,152,66.8F,9.3
62.05,150,66.8F,9.3
62.1,149,66.8F,9.3
62.15,146,66.8F,9.3
62.2,146,66.8F,9.3
62.25,143,66.8F,9.3
62.3,141,66.8F,9.3
62.35,141,66.8F,9.3
62.4,135,66.8F,9.3
62.45,133,66.8F,9.3
62.5,130,66.8F,9.3
62.55,131,66.8F,9.3
62.6,131,66.8F,9.3
62.65,128,66.8F,9.3
62.7,127,66.8F,9.3
62.75,123,66.8F,9.3
62.8,121,66.8F,9.3
62.85,119,66.8F,9.3
62.9,117,66.8F,9.3
62.95,116,66.8F,9.3
63,117,66.8F,9.3
63.05,113,66.8F,9.3
63.1,112,66.8F,9.3
63.15,110,66.8F,9.3
63.2,111,66.8F,9.3
63.25,107,66.8F,9.3
63.3,106,66.8F,9.3
63.35,104,66.8F,9.3
63.4,100,66.8F,9.3
63.45,98,66.8F,9.3
63.5,98,66.8F,9.3
63.55,95,66.8F,9.3
63.6,94,66.8F,9.3
63.65,93,66.8F,9.3
63.7,91,66.8F,9.3
63.75,86,66.8F,9.3
63.8,87,66.8F,9.3
63.85,88,66.8F,9.3
63.9,86,66.8F,9.3
63.95,86,66.8F,9.3
64,84,66.8F,9.3
64.05,81,66.8F,9.3
64.1,78,66.8F,9.3
64.15,75,66.8F,9.3
64.2,69,66.8F,9.3
64.25,64,66.8F,9.3
64.3,61,66.8F,9.3
64.35,60,66.8F,9.3
64.4,57,66.8F,9.3
64.45,57,66.8F,9.3
64.5,54,66.8F,9.3
64.55,52,66.8F,9.3
64.6,52,66.8F,9.3
64.65,52,66.8F,9.3
64.7,52,66.8F,9.3
64.75,50,66.8F,9.3
64.8,48,66.8F,9.3
64.85,45,66.8F,9.3
64.9,41,66.8F,9.3
64.95,43,66.8F,9.3
65,43,66.8F,9.3
65.05,41,66.8F,9.3
65.1,40,66.8F,9.3
65.15,38,66.8F,9.3
65.2,38,66.8F,9.3
65.25,36,66.8F,9.3
65.3,33,66.8F,9.3
65.35,34,66.7F,9.3
65.4,31,66.7F,9.3
65.45,25,66.7F,9.3
65.5,24,66.7F,9.3
65.55,22,66.7F,9.3
65.6,21,66.7F,9.3
65.65,22,66.7F,9.3
65.7,18,66.7F,9.3
65.75,16,66.7F,9.3
65.8,11,66.7F,9.3
65.85,1,66.7F,9.3
65.9,4,66.7F,9.3
65.95,4,66.7F,9.3
66,2,66.7F,9.3
66.05,5,66.7F,9.3
66.1,3,66.7F,9.3
66.15,4,66.7F,9.3
66.2,4,66.7F,9.3
66.25,5,66.7F,9.3
66.3,3,66.7F,9.3
66.35,4,66.7F,9.3
66.4,3,66.7F,9.3
66.45,4,66.7F,9.3
66.5,4,66.7F,9.3
66.55,4,66.7F,9.3
66.6,4,66.7F,9.3
66.65,4,66.7F,9.3
66.7,4,66.7F,9.3
66.75,3,66.7F,9.3
66.8,3,66.7F,9.3
66.85,3,66.7F,9.3
66.9,2,66.7F,9.3
66.95,3,66.7F,9.3
67,3,66.7F,9.3
67.05,3,66.7F,9.3
67.1,4,66.7F,9.3
67.15,3,66.7F,9.3
67.2,5,66.7F,9.3
67.25,3,66.7F,9.3
67.3,2,66.7F,9.3
67.35,4,66.7F,9.3
67.4,3,66.7F,9.3
67.45,2,66.7F,9.3
67.5,3,66.7F,9.3
67.55,4,66.7F,9.3
67.6,2,66.7F,9.3
67.65,3,66.7F,9.3
67.7,4,66.7F,9.3
67.75,4,66.7F,9.3
67.8,3,66.7F,9.3
67.85,4,66.7F,9.3
67.9,3,66.7F,9.3
67.95,4,66.7F,9.3
68,5,66.7F,9.3
68.05,4,66.7F,9.3
68.1,4,66.7F,9.3
68.15,3,66.7F,9.3
68.2,3,66.8F,9.3
68.25,3,66.7F,9.3
68.3,4,66.7F,9.3
68.35,3,66.7F,9.3
68.4,4,66.7F,9.3
68.45,4,66.7F,9.3
68.5,5,66.7F,9.3
68.55,4,66.7F,9.3
68.6,4,66.7F,9.3
68.65,2,66.7F,9.3
68.7,2,66.7F,9.3
68.75,3,66.7F,9.3
68.8,3,66.8F,9.3
68.85,3,66.8F,9.3
68.9,2,66.7F,9.3
68.95,3,66.8F,9.3
69,2,66.8F,9.3
69.05,3,66.7F,9.3
69.1,3,66.8F,9.3
69.15,3,66.8F,9.3
69.2,4,66.7F,9.3
69.25,5,66.7F,9.3
69.3,3,66.8F,9.3
69.35,3,66.7F,9.3
69.4,3,66.7F,9.3
69.45,4,66.7F,9.3
69.5,3,66.7F,9.3
69.55,3,66.8F,9.3
69.6,3,66.8F,9.3
69.65,4,66.8F,9.3
69.7,2,66.8F,9.3
69.75,2,66.8F,9.3
69.8,4,66.7F,9.3
69.85,3,66.8F,9.3
69.9,2,66.8F,9.3
69.95,3,66.8F,9.3
70,3,66.8F,9.3
70.05,3,66.8F,9.3
70.1,2,66.7F,9.3
70.15,3,66.8F,9.3
70.2,3,66.8F,9.3
70.25,4,66.8F,9.3
70.3,3,66.8F,9.3
70.35,3,66.8F,9.3
70.4,3,66.7F,9.3
70.45,3,66.8F,9.3
70.5,3,66.8F,9.3
70.55,3,66.8F,9.3
70.6,3,66.8F,9.3
70.65,3,66.8F,9.3
70.7,4,66.8F,9.3
70.75,4,66.8F,9.3
70.8,3,66.8F,9.3
70.85,3,66.8F,9.3
70.9,4,66.8F,9.3
70.95,3,66.8F,9.3
71,2,66.8F,9.3
71.05,3,66.8F,9.3
71.1,3,66.8F,9.3
71.15,2,66.8F,9.3
71.2,3,66.8F,9.3
71.25,3,66.8F,9.3
71.3,3,66.8F,9.3
71.35,2,66.8F,9.3
71.4,2,66.8F,9.3
71.45,3,66.8F,9.3
71.5,3,66.8F,9.3
71.55,4,66.7F,9.3
71.6,4,66.8F,9.3
71.65,3,66.8F,9.3
71.7,2,66.8F,9.3
71.75,2,66.8F,9.3
71.8,3,66.8F,9.3
71.85,3,66.8F,9.3
71.9,3,66.7F,9.3
71.95,3,66.8F,9.3
